{
    "LogisticRegression": {
        "train": {
            "accuracy": 0.7542147293700089,
            "precision": 0.5241228070175439,
            "recall": 0.7993311036789298,
            "f1": 0.633112582781457,
            "roc_auc": 0.7686269044964698,
            "mcc": 0.48326638141368616,
            "confusion_matrix": [
                [
                    611,
                    217
                ],
                [
                    60,
                    239
                ]
            ]
        },
        "evaluate": {
            "accuracy": 0.7402413058907026,
            "precision": 0.506872852233677,
            "recall": 0.7887700534759359,
            "f1": 0.6171548117154811,
            "roc_auc": 0.8422279056550156,
            "mcc": 0.45868702145058066,
            "confusion_matrix": [
                [
                    748,
                    287
                ],
                [
                    79,
                    295
                ]
            ]
        }
    },
    "DecisionTree": {
        "train": {
            "accuracy": 0.748890860692103,
            "precision": 0.5176991150442478,
            "recall": 0.782608695652174,
            "f1": 0.6231691078561917,
            "roc_auc": 0.7596618357487922,
            "mcc": 0.46780814337890414,
            "confusion_matrix": [
                [
                    610,
                    218
                ],
                [
                    65,
                    234
                ]
            ]
        },
        "evaluate": {
            "accuracy": 0.7388218594748048,
            "precision": 0.5053003533568905,
            "recall": 0.7647058823529411,
            "f1": 0.6085106382978723,
            "roc_auc": 0.8268852204913587,
            "mcc": 0.4451068605783582,
            "confusion_matrix": [
                [
                    755,
                    280
                ],
                [
                    88,
                    286
                ]
            ]
        }
    },
    "KNN": {
        "train": {
            "accuracy": 0.74622892635315,
            "precision": 0.5220338983050847,
            "recall": 0.5150501672240803,
            "f1": 0.5185185185185185,
            "roc_auc": 0.6723801560758084,
            "mcc": 0.34625444449416487,
            "confusion_matrix": [
                [
                    687,
                    141
                ],
                [
                    145,
                    154
                ]
            ]
        },
        "evaluate": {
            "accuracy": 0.7508871540099361,
            "precision": 0.5311653116531165,
            "recall": 0.5240641711229946,
            "f1": 0.5275908479138627,
            "roc_auc": 0.7520382856699992,
            "mcc": 0.35845959432373664,
            "confusion_matrix": [
                [
                    862,
                    173
                ],
                [
                    178,
                    196
                ]
            ]
        }
    },
    "NaiveBayes": {
        "train": {
            "accuracy": 0.6654835847382431,
            "precision": 0.43478260869565216,
            "recall": 0.8695652173913043,
            "f1": 0.5797101449275363,
            "roc_auc": 0.7306763285024154,
            "mcc": 0.4081364293563095,
            "confusion_matrix": [
                [
                    490,
                    338
                ],
                [
                    39,
                    260
                ]
            ]
        },
        "evaluate": {
            "accuracy": 0.6593328601845281,
            "precision": 0.4297082228116711,
            "recall": 0.8663101604278075,
            "f1": 0.574468085106383,
            "roc_auc": 0.8108605233924928,
            "mcc": 0.39914703302899845,
            "confusion_matrix": [
                [
                    605,
                    430
                ],
                [
                    50,
                    324
                ]
            ]
        }
    },
    "RandomForest": {
        "train": {
            "accuracy": 0.8012422360248447,
            "precision": 0.60932944606414,
            "recall": 0.6989966555183946,
            "f1": 0.6510903426791277,
            "roc_auc": 0.768580453363062,
            "mcc": 0.5154067113882765,
            "confusion_matrix": [
                [
                    694,
                    134
                ],
                [
                    90,
                    209
                ]
            ]
        },
        "evaluate": {
            "accuracy": 0.7778566359119943,
            "precision": 0.5667396061269147,
            "recall": 0.6925133689839572,
            "f1": 0.6233453670276775,
            "roc_auc": 0.8428866671833424,
            "mcc": 0.47276822635462706,
            "confusion_matrix": [
                [
                    837,
                    198
                ],
                [
                    115,
                    259
                ]
            ]
        }
    },
    "XGBoost": {
        "train": {
            "accuracy": 0.7657497781721384,
            "precision": 0.5425790754257908,
            "recall": 0.745819397993311,
            "f1": 0.6281690140845071,
            "roc_auc": 0.7593831289483463,
            "mcc": 0.47582259478837496,
            "confusion_matrix": [
                [
                    640,
                    188
                ],
                [
                    76,
                    223
                ]
            ]
        },
        "evaluate": {
            "accuracy": 0.7608232789212207,
            "precision": 0.5349716446124764,
            "recall": 0.7566844919786097,
            "f1": 0.6267995570321152,
            "roc_auc": 0.8351571985843086,
            "mcc": 0.4732677926707414,
            "confusion_matrix": [
                [
                    789,
                    246
                ],
                [
                    91,
                    283
                ]
            ]
        }
    }
}